Code,Location,District,Registered,Envelopes,Valid,Občanská demokratická strana,Řád národa - Vlastenecká unie,Česká str.sociálně demokrat.,STAROSTOVÉ A NEZÁVISLÍ,Komunistická str.Čech a Moravy,Strana zelených,"ROZUMNÍ-stop migraci,diktát.EU",Strana svobodných občanů,Blok proti islam.-Obran.domova,Občanská demokratická aliance,Česká pirátská strana,Referendum o Evropské unii,TOP 09,ANO 2011,SPR-Republ.str.Čsl. M.Sládka,Křesť.demokr.unie-Čs.str.lid.,REALISTÉ,SPORTOVCI,Dělnic.str.sociální spravedl.,Svob.a př.dem.-T.Okamura (SPD),Strana Práv Občanů
554499, Cheb, Obec: Aš,760,360,360,26,3,14,21,32,12,2,3,0,0,34,4,16,127,0,13,0,0,0,51,1
554499, Cheb, Obec: Aš,561,265,265,20,2,12,9,26,13,5,4,1,0,23,0,4,113,1,3,0,1,0,25,2
554499, Cheb, Obec: Aš,1 049,427,426,31,3,14,16,32,13,6,5,1,4,37,0,14,173,3,8,3,2,0,58,0
554499, Cheb, Obec: Aš,714,289,289,15,6,23,14,27,11,2,3,0,0,21,0,3,124,0,4,0,0,2,33,0
554499, Cheb, Obec: Aš,545,176,176,13,0,6,8,16,8,4,4,1,0,18,0,12,66,0,1,0,1,0,13,0
554499, Cheb, Obec: Aš,818,313,313,21,3,14,11,20,10,6,0,0,0,38,4,11,123,1,7,0,0,0,43,1
554499, Cheb, Obec: Aš,817,441,440,36,6,20,23,23,17,3,6,0,3,36,0,16,192,0,15,3,0,1,33,3
554499, Cheb, Obec: Aš,676,393,393,36,1,15,12,32,15,9,2,2,2,49,0,13,142,1,8,2,0,0,49,0
554499, Cheb, Obec: Aš,827,398,398,19,4,23,7,28,19,4,4,7,3,33,0,10,163,1,18,3,0,0,49,0
554499, Cheb, Obec: Aš,633,342,340,16,0,29,7,45,10,7,2,1,2,20,0,14,125,3,5,3,0,0,49,1
554499, Cheb, Obec: Aš,1 494,433,432,22,6,29,19,38,18,3,7,3,2,28,1,14,180,2,8,0,0,0,48,1
554499, Cheb, Obec: Aš,457,235,235,14,2,8,12,25,3,2,2,0,2,8,1,9,102,1,1,0,0,0,38,0
554499, Cheb, Obec: Aš,250,132,132,2,1,5,4,13,6,0,1,0,1,22,0,17,41,0,1,1,0,0,16,1
554499, Cheb, Obec: Aš,165,85,85,5,0,7,6,12,0,0,0,0,1,6,0,0,36,0,2,0,0,0,10,0
554502, Cheb, Obec: Dolní Žandov,532,"56,42",528,31,3,23,21,93,3,10,6,0,0,52,0,16,188,4,10,5,2,4,56,1
554511, Cheb, Obec: Drmoul,486,"63,20",481,49,2,22,42,31,2,3,6,0,0,51,0,11,181,1,22,3,0,3,51,1
554529, Cheb, Obec: Františkovy Lázně,285,179,179,17,0,10,12,12,2,0,0,0,1,14,1,5,76,0,4,1,1,0,21,1
554529, Cheb, Obec: Františkovy Lázně,987,604,604,63,1,42,26,47,5,9,10,3,5,70,1,33,209,2,16,4,2,2,49,3
554529, Cheb, Obec: Františkovy Lázně,968,574,572,50,3,36,19,42,7,7,2,2,1,69,1,23,202,3,9,4,2,1,84,2
554529, Cheb, Obec: Františkovy Lázně,857,507,507,71,0,24,18,28,8,7,6,0,3,63,1,27,158,1,10,4,4,0,73,0
554529, Cheb, Obec: Františkovy Lázně,1 193,790,790,107,1,53,40,58,7,3,8,0,3,81,0,44,249,8,33,2,1,1,68,13
554529, Cheb, Obec: Františkovy Lázně,410,251,251,32,2,8,7,18,7,1,3,0,9,40,1,10,73,1,3,1,1,1,33,0
554545, Cheb, Obec: Hazlov,638,"51,49",626,37,1,29,25,77,6,10,12,1,2,53,2,10,234,1,26,0,0,0,100,0
554553, Cheb, Obec: Hranice,804,334,334,15,1,16,3,30,8,10,3,0,1,39,2,8,157,2,1,0,0,0,34,0
554553, Cheb, Obec: Hranice,582,252,252,21,0,27,6,36,6,7,2,1,3,23,0,3,89,0,2,0,2,1,19,1
554553, Cheb, Obec: Hranice,291,120,120,5,2,15,3,13,2,1,2,0,0,5,0,3,43,0,0,1,0,1,22,1
554481, Cheb, Obec: Cheb,1 624,373,373,44,3,16,20,19,12,4,9,0,1,36,3,14,113,2,12,4,0,7,53,1
554481, Cheb, Obec: Cheb,785,398,398,44,3,18,31,25,21,4,7,1,0,61,1,26,93,1,11,3,0,2,39,3
554481, Cheb, Obec: Cheb,696,406,406,52,0,23,43,34,10,5,6,0,0,53,0,14,104,1,15,1,0,1,41,1
554481, Cheb, Obec: Cheb,1 030,289,289,26,3,22,13,27,3,0,2,0,0,27,0,8,96,0,5,7,0,0,48,0
554481, Cheb, Obec: Cheb,697,296,296,25,1,14,16,22,4,1,3,0,1,27,0,8,125,0,9,2,1,2,34,0
554481, Cheb, Obec: Cheb,610,349,349,28,2,23,29,36,1,1,0,2,0,36,0,11,122,2,10,3,0,1,37,0
554481, Cheb, Obec: Cheb,880,487,487,23,0,40,27,50,8,3,2,2,1,50,0,11,182,2,10,2,0,1,70,3
554481, Cheb, Obec: Cheb,720,400,400,35,4,30,48,36,7,3,0,0,1,38,0,7,127,0,7,1,0,1,51,2
554481, Cheb, Obec: Cheb,659,366,366,30,1,28,34,42,7,1,9,0,1,28,0,14,125,1,8,4,2,1,26,0
554481, Cheb, Obec: Cheb,656,342,341,28,0,25,23,24,8,2,2,0,0,44,1,12,121,0,11,0,0,0,40,0
554481, Cheb, Obec: Cheb,555,291,291,18,3,18,14,28,3,5,2,0,0,22,0,13,108,1,8,1,0,1,43,0
554481, Cheb, Obec: Cheb,728,373,373,23,1,41,24,58,5,0,3,0,0,15,0,11,133,0,11,2,0,0,44,0
554481, Cheb, Obec: Cheb,872,403,403,36,0,31,41,34,10,4,3,0,0,37,0,9,125,0,4,2,0,0,60,2
554481, Cheb, Obec: Cheb,1 301,653,652,62,6,63,35,62,8,1,9,4,6,63,1,21,211,2,14,1,1,2,78,2
554481, Cheb, Obec: Cheb,1 487,796,796,53,2,77,53,79,16,2,7,0,0,98,0,34,234,3,16,3,4,5,106,1
554481, Cheb, Obec: Cheb,1 038,645,644,42,2,37,62,42,11,7,15,2,5,67,0,27,226,3,23,5,0,1,63,4
554481, Cheb, Obec: Cheb,788,403,401,41,3,22,32,38,6,1,3,1,1,40,0,18,131,0,7,1,0,0,52,0
554481, Cheb, Obec: Cheb,592,308,308,25,1,21,31,21,6,0,8,0,0,32,0,12,95,2,5,4,1,1,41,0
554481, Cheb, Obec: Cheb,750,364,364,39,1,28,28,32,9,6,4,0,0,45,0,14,105,1,9,3,0,3,34,0
554481, Cheb, Obec: Cheb,706,426,426,24,1,30,28,56,5,2,3,0,0,40,0,6,154,0,14,0,2,0,54,1
554481, Cheb, Obec: Cheb,765,443,443,25,3,63,37,46,4,2,3,0,0,29,1,3,155,3,9,3,0,0,54,1
554481, Cheb, Obec: Cheb,438,213,213,24,1,13,19,15,3,1,2,1,2,17,0,7,81,1,0,0,1,1,23,1
554481, Cheb, Obec: Cheb,208,106,106,5,1,5,0,16,1,0,1,0,0,6,0,4,42,0,0,1,0,2,21,0
554481, Cheb, Obec: Cheb,240,149,149,1,2,12,14,11,0,0,0,0,0,16,0,0,77,0,2,0,0,0,13,1
554481, Cheb, Obec: Cheb,790,427,427,28,0,31,33,45,3,2,5,0,0,32,0,2,169,1,11,1,0,2,59,2
554481, Cheb, Obec: Cheb,684,399,399,27,2,42,28,54,3,3,2,1,0,31,0,7,148,1,10,3,1,0,34,0
554481, Cheb, Obec: Cheb,838,538,536,53,5,32,56,48,7,2,4,0,1,48,0,27,175,0,21,1,2,3,49,1
554481, Cheb, Obec: Cheb,139,68,68,3,0,3,2,12,1,0,0,0,0,4,2,1,21,0,0,0,0,0,18,1
554481, Cheb, Obec: Cheb,543,353,353,24,1,19,37,39,1,0,4,0,1,25,0,11,139,2,7,0,0,3,38,0
554481, Cheb, Obec: Cheb,1 049,564,564,24,3,31,44,63,4,5,2,1,2,35,0,21,211,1,15,4,1,3,90,1
554481, Cheb, Obec: Cheb,166,106,106,7,1,1,6,11,3,0,1,0,0,6,0,1,59,0,0,0,0,0,9,0
554481, Cheb, Obec: Cheb,920,491,491,15,1,46,27,72,5,3,4,8,0,33,0,6,182,1,7,8,0,1,67,1
554481, Cheb, Obec: Cheb,1 038,645,644,42,2,37,62,42,11,7,15,2,5,67,0,27,226,3,23,5,0,1,63,4
554481, Cheb, Obec: Cheb,788,403,401,41,3,22,32,38,6,1,3,1,1,40,0,18,131,0,7,1,0,0,52,0
554481, Cheb, Obec: Cheb,592,308,308,25,1,21,31,21,6,0,8,0,0,32,0,12,95,2,5,4,1,1,41,0
554481, Cheb, Obec: Cheb,750,364,364,39,1,28,28,32,9,6,4,0,0,45,0,14,105,1,9,3,0,3,34,0
554481, Cheb, Obec: Cheb,706,426,426,24,1,30,28,56,5,2,3,0,0,40,0,6,154,0,14,0,2,0,54,1
554481, Cheb, Obec: Cheb,765,443,443,25,3,63,37,46,4,2,3,0,0,29,1,3,155,3,9,3,0,0,54,1
554481, Cheb, Obec: Cheb,438,213,213,24,1,13,19,15,3,1,2,1,2,17,0,7,81,1,0,0,1,1,23,1
554481, Cheb, Obec: Cheb,208,106,106,5,1,5,0,16,1,0,1,0,0,6,0,4,42,0,0,1,0,2,21,0
554481, Cheb, Obec: Cheb,240,149,149,1,2,12,14,11,0,0,0,0,0,16,0,0,77,0,2,0,0,0,13,1
554481, Cheb, Obec: Cheb,790,427,427,28,0,31,33,45,3,2,5,0,0,32,0,2,169,1,11,1,0,2,59,2
554481, Cheb, Obec: Cheb,684,399,399,27,2,42,28,54,3,3,2,1,0,31,0,7,148,1,10,3,1,0,34,0
554481, Cheb, Obec: Cheb,838,538,536,53,5,32,56,48,7,2,4,0,1,48,0,27,175,0,21,1,2,3,49,1
554481, Cheb, Obec: Cheb,139,68,68,3,0,3,2,12,1,0,0,0,0,4,2,1,21,0,0,0,0,0,18,1
554481, Cheb, Obec: Cheb,543,353,353,24,1,19,37,39,1,0,4,0,1,25,0,11,139,2,7,0,0,3,38,0
554481, Cheb, Obec: Cheb,1 049,564,564,24,3,31,44,63,4,5,2,1,2,35,0,21,211,1,15,4,1,3,90,1
554481, Cheb, Obec: Cheb,166,106,106,7,1,1,6,11,3,0,1,0,0,6,0,1,59,0,0,0,0,0,9,0
554481, Cheb, Obec: Cheb,920,491,491,15,1,46,27,72,5,3,4,8,0,33,0,6,182,1,7,8,0,1,67,1
554481, Cheb, Obec: Cheb,166,106,106,7,1,1,6,11,3,0,1,0,0,6,0,1,59,0,0,0,0,0,9,0
554481, Cheb, Obec: Cheb,920,491,491,15,1,46,27,72,5,3,4,8,0,33,0,6,182,1,7,8,0,1,67,1
538795, Cheb, Obec: Krásná,264,"55,70",262,5,0,11,14,20,6,2,1,2,4,20,0,7,138,0,1,1,0,0,30,0
554596, Cheb, Obec: Křižovatka,118,"56,19",118,3,1,17,9,19,0,2,0,0,0,2,0,1,55,0,2,0,0,0,7,0
554600, Cheb, Obec: Lázně Kynžvart,613,"49,92",608,49,5,46,19,71,9,3,4,0,0,81,0,13,210,2,14,1,1,1,77,2
554618, Cheb, Obec: Libá,301,"50,84",297,27,2,22,16,28,0,2,2,1,2,39,0,2,112,2,2,0,0,0,37,1
554626, Cheb, Obec: Lipová,299,"51,02",297,22,2,15,18,23,3,1,8,0,1,22,1,10,115,1,4,1,0,4,45,1
554634, Cheb, Obec: Luby,635,295,295,16,0,34,14,16,2,6,0,6,1,30,1,7,123,0,11,1,2,0,21,0
554634, Cheb, Obec: Luby,1 174,557,557,33,2,44,20,47,8,9,4,4,0,39,1,11,223,2,23,0,1,2,77,2
554642, Cheb, Obec: Mariánské Lázně,613,403,403,54,3,16,17,19,3,6,4,0,0,78,0,15,146,0,14,3,0,0,24,0
554642, Cheb, Obec: Mariánské Lázně,633,374,372,39,1,28,9,16,2,2,3,1,0,67,0,24,128,0,19,3,0,0,28,0
554642, Cheb, Obec: Mariánské Lázně,32,26,26,6,0,1,0,2,0,0,2,0,0,2,0,0,9,0,1,0,0,0,2,0
554642, Cheb, Obec: Mariánské Lázně,539,307,305,45,3,15,13,11,2,0,0,0,2,57,1,20,99,0,8,1,0,0,25,2
554642, Cheb, Obec: Mariánské Lázně,850,216,216,28,2,11,5,16,5,1,2,0,0,21,0,18,64,0,12,2,0,0,28,0
554642, Cheb, Obec: Mariánské Lázně,497,261,261,34,2,17,8,17,2,0,4,0,1,59,0,12,63,0,7,0,0,0,32,1
554642, Cheb, Obec: Mariánské Lázně,619,327,327,43,2,20,15,17,7,2,2,0,3,62,0,33,80,0,11,1,0,0,27,0
554642, Cheb, Obec: Mariánské Lázně,601,352,352,51,4,31,9,22,2,1,6,0,0,67,1,17,90,2,14,2,0,0,30,0
554642, Cheb, Obec: Mariánské Lázně,714,403,401,64,1,21,23,27,5,7,8,1,0,67,0,9,105,0,10,4,2,0,47,0
554642, Cheb, Obec: Mariánské Lázně,812,403,403,41,2,21,11,23,5,2,4,2,0,82,0,13,120,1,16,2,0,1,51,1
554642, Cheb, Obec: Mariánské Lázně,703,430,429,48,1,24,6,28,6,5,5,0,0,82,1,20,155,1,11,2,0,0,30,1
554642, Cheb, Obec: Mariánské Lázně,544,295,295,13,0,31,10,22,3,0,3,0,0,55,0,7,112,0,4,2,0,1,30,0
554642, Cheb, Obec: Mariánské Lázně,709,369,369,25,1,35,8,25,3,0,7,0,0,85,1,13,108,1,4,2,1,2,44,0
554642, Cheb, Obec: Mariánské Lázně,624,359,358,55,2,16,13,29,3,1,5,1,0,64,1,13,95,2,22,1,0,0,32,2
554642, Cheb, Obec: Mariánské Lázně,777,460,460,64,0,26,15,41,5,0,5,0,1,71,1,25,130,0,18,2,1,1,48,4
554642, Cheb, Obec: Mariánské Lázně,736,396,396,43,2,30,5,38,3,1,2,0,0,62,0,12,132,3,16,2,1,1,39,1
554642, Cheb, Obec: Mariánské Lázně,569,339,339,33,0,26,10,38,2,2,3,0,1,65,2,4,105,1,11,8,1,0,21,2
554642, Cheb, Obec: Mariánské Lázně,736,396,396,43,2,30,5,38,3,1,2,0,0,62,0,12,132,3,16,2,1,1,39,1
554642, Cheb, Obec: Mariánské Lázně,569,339,339,33,0,26,10,38,2,2,3,0,1,65,2,4,105,1,11,8,1,0,21,2
554651, Cheb, Obec: Milhostov,82,"33,61",82,2,0,8,4,4,0,0,0,0,0,3,0,0,54,0,0,1,1,0,5,0
538906, Cheb, Obec: Milíkov,141,"63,23",141,17,1,7,14,14,2,1,5,0,0,15,0,1,35,1,6,0,0,2,19,1
554677, Cheb, Obec: Mnichov,137,"40,90",135,4,0,5,4,25,0,7,1,0,1,23,0,3,33,1,8,2,0,0,17,1
554693, Cheb, Obec: Nebanice,162,"58,27",159,6,0,12,19,28,2,4,4,0,0,7,0,4,50,1,1,0,1,0,20,0
554707, Cheb, Obec: Nový Kostel,221,"53,90",221,8,0,38,2,15,2,2,0,1,0,12,0,7,80,0,17,0,0,1,28,8
539554, Cheb, Obec: Odrava,99,"53,51",99,10,1,6,11,7,3,1,2,0,0,8,0,2,34,1,0,0,0,0,12,1
538922, Cheb, Obec: Okrouhlá,108,"54,27",107,7,0,8,6,12,1,2,7,0,1,7,0,0,37,1,2,1,0,0,15,0
539473, Cheb, Obec: Ovesné Kladruby,52,"53,61",52,7,1,1,0,3,3,1,0,0,0,18,1,1,12,1,2,0,0,0,1,0
554740, Cheb, Obec: Plesná,723,"46,20",719,34,3,101,18,73,5,9,5,6,0,45,0,44,281,0,4,1,1,0,85,4
538817, Cheb, Obec: Podhradí,79,"48,17",79,8,1,2,2,7,1,0,3,0,0,3,1,1,33,1,4,0,0,0,10,2
538868, Cheb, Obec: Pomezí nad Ohří,132,"64,08",131,8,0,7,17,16,0,0,1,0,0,16,0,7,42,0,3,3,0,0,11,0
577979, Cheb, Obec: Poustka,80,"65,57",79,6,1,5,9,11,1,0,1,0,1,6,0,0,23,0,2,0,0,0,12,1
539538, Cheb, Obec: Prameny,59,"64,13",57,3,0,1,2,1,0,1,0,0,1,12,0,1,18,1,1,0,0,1,14,0
554812, Cheb, Obec: Skalná,777,"51,42",770,59,1,83,24,56,7,5,4,2,0,60,0,13,325,1,18,1,1,3,107,0
539112, Cheb, Obec: Stará Voda,196,"50,39",196,7,0,11,6,33,4,1,2,0,0,21,0,6,60,1,4,1,1,0,37,1
555631, Cheb, Obec: Teplá,699,261,261,11,2,18,8,35,1,4,0,0,2,17,0,9,86,0,12,0,0,0,51,0
555631, Cheb, Obec: Teplá,889,404,404,38,1,28,10,65,5,3,10,0,3,46,0,8,117,1,19,2,1,2,40,1
555631, Cheb, Obec: Teplá,777,393,393,31,1,34,4,70,2,1,2,0,2,39,0,5,137,2,19,2,0,1,37,1
554855, Cheb, Obec: Trstěnice,165,"54,82",165,11,0,5,11,26,1,1,0,0,0,20,0,1,60,0,2,1,0,0,25,1
539023, Cheb, Obec: Třebeň,206,"63,19",203,15,0,5,13,22,2,1,1,2,0,22,0,2,79,0,7,0,1,1,29,1
554880, Cheb, Obec: Tři Sekery,393,"52,54",384,47,2,17,4,25,0,2,4,0,0,91,0,6,129,2,14,2,1,0,38,0
539619, Cheb, Obec: Tuřany,73,"66,36",73,9,0,5,7,5,0,0,1,0,0,5,0,1,33,0,0,0,1,1,5,0
539481, Cheb, Obec: Valy,241,"62,76",240,21,2,9,11,9,1,2,2,0,0,32,0,10,100,0,8,3,0,0,29,1
539279, Cheb, Obec: Velká Hleďsebe,814,496,496,58,1,33,20,43,4,2,5,0,0,80,0,19,174,1,12,2,2,1,33,1
539279, Cheb, Obec: Velká Hleďsebe,532,271,270,47,2,18,13,8,1,0,4,0,1,38,1,11,76,0,6,4,0,1,35,0
539279, Cheb, Obec: Velká Hleďsebe,470,272,272,25,4,27,11,27,1,4,2,0,1,36,0,8,81,1,10,0,0,0,32,0
578002, Cheb, Obec: Velký Luh,67,"52,76",66,5,0,2,11,11,1,1,0,0,0,4,0,0,20,1,2,0,1,0,7,0
539376, Cheb, Obec: Vlkovice,72,"69,23",72,1,2,5,2,8,0,3,0,1,0,10,0,1,24,1,6,1,1,0,6,0
539074, Cheb, Obec: Vojtanov,102,"60,71",102,3,0,2,4,13,0,2,1,0,0,6,0,2,50,0,1,1,0,0,16,1
539431, Cheb, Obec: Zádub-Závišín,165,"60,22",164,27,0,5,9,10,0,0,2,0,0,20,0,7,49,0,13,1,0,1,20,0
554979, Karlovy Vary, Obec: Abertamy,366,"46,04",366,39,2,32,29,24,6,12,7,0,1,36,1,19,96,0,11,0,0,5,44,2
538001, Karlovy Vary, Obec: Andělská Hora,188,"69,89",188,17,0,8,6,13,2,1,0,1,0,18,0,16,70,0,2,0,0,1,30,3
554995, Karlovy Vary, Obec: Bečov nad Teplou,440,"56,48",437,32,9,21,25,35,0,4,6,1,0,35,0,12,154,0,53,4,1,2,42,1
555029, Karlovy Vary, Obec: Bochov,826,"51,69",819,70,11,83,31,94,7,9,6,0,2,57,2,33,257,1,30,2,3,2,116,3
506486, Karlovy Vary, Obec: Boží Dar,172,"74,14",169,29,1,6,20,2,3,3,2,0,1,22,1,21,40,0,4,2,2,0,8,2
555045, Karlovy Vary, Obec: Božičany,239,"50,21",237,9,0,19,18,19,1,7,1,0,2,22,0,5,89,2,3,2,2,3,33,0
500101, Karlovy Vary, Obec: Bražec,94,"44,13",91,4,0,15,2,7,0,1,1,0,0,5,1,1,22,0,2,0,0,1,25,4
537870, Karlovy Vary, Obec: Březová,266,"60,45",263,22,0,25,15,9,3,0,2,2,2,33,1,12,70,0,7,5,1,1,51,2
538019, Karlovy Vary, Obec: Černava,155,"60,08",155,19,2,5,8,14,0,0,2,0,0,5,0,1,61,1,0,0,1,1,35,0
506621, Karlovy Vary, Obec: Čichalov,72,"50,35",71,4,0,2,11,17,0,2,0,0,0,9,0,1,14,0,3,1,0,0,7,0
537918, Karlovy Vary, Obec: Dalovice,987,"62,31",983,125,3,45,67,64,15,11,7,1,1,109,4,48,323,9,16,3,3,9,117,3
538116, Karlovy Vary, Obec: Děpoltovice,211,"66,14",209,25,1,8,12,15,2,3,3,0,0,33,0,3,87,0,1,1,0,0,15,0
500127, Karlovy Vary, Obec: Doupovské Hradiště,75,"55,15",74,0,0,4,3,9,0,2,1,0,0,5,0,1,36,0,0,1,1,0,11,0
538159, Karlovy Vary, Obec: Hájek,308,"67,40",306,43,11,20,15,19,1,4,9,2,0,29,0,13,92,0,9,2,1,2,33,1
555169, Karlovy Vary, Obec: Horní Blatná,181,"58,39",180,51,4,6,14,11,1,3,0,0,0,13,0,8,33,0,3,3,1,0,29,0
551651, Karlovy Vary, Obec: Hory,127,"59,35",126,14,1,13,17,5,1,3,3,0,0,10,0,3,34,0,3,3,0,0,16,0
555185, Karlovy Vary, Obec: Hroznětín,856,"54,01",847,71,0,60,43,76,4,11,7,0,4,73,2,35,270,0,18,4,5,6,154,4
578011, Karlovy Vary, Obec: Chodov,52,"55,91",52,1,0,10,3,3,0,1,1,0,0,2,0,1,14,0,1,0,0,1,14,0
555207, Karlovy Vary, Obec: Chyše,286,"61,11",284,15,0,19,14,20,3,1,0,1,0,23,0,13,131,0,4,1,1,0,34,4
555215, Karlovy Vary, Obec: Jáchymov,636,226,225,43,5,16,6,4,4,1,3,0,0,21,0,30,57,0,15,1,0,0,17,1
555215, Karlovy Vary, Obec: Jáchymov,655,317,317,27,3,34,21,34,1,4,0,0,1,12,0,6,93,0,12,1,1,1,64,2
555215, Karlovy Vary, Obec: Jáchymov,917,562,561,52,13,61,18,44,7,4,4,0,0,39,2,28,198,3,19,4,0,3,51,3
537926, Karlovy Vary, Obec: Jenišov,451,"68,65",447,103,1,29,36,18,2,1,5,0,2,54,0,34,109,2,6,5,3,1,34,2
554961, Karlovy Vary, Obec: Karlovy Vary,2 573,486,485,61,1,18,23,18,7,4,5,1,2,89,2,38,124,1,3,0,3,0,78,0
554961, Karlovy Vary, Obec: Karlovy Vary,663,414,414,51,1,14,34,14,2,2,5,1,0,76,0,40,120,0,7,4,0,0,38,0
554961, Karlovy Vary, Obec: Karlovy Vary,311,163,163,21,0,13,5,8,4,0,4,0,0,30,0,6,48,1,3,1,1,0,17,0
554961, Karlovy Vary, Obec: Karlovy Vary,474,269,269,31,2,9,25,19,4,1,3,1,0,37,0,20,70,2,6,6,2,2,25,0
554961, Karlovy Vary, Obec: Karlovy Vary,375,197,197,25,0,6,9,9,1,2,4,0,0,34,1,9,59,0,6,1,1,1,28,0
554961, Karlovy Vary, Obec: Karlovy Vary,670,368,368,51,1,18,17,29,5,2,8,1,2,45,0,23,103,0,10,4,0,1,43,2
554961, Karlovy Vary, Obec: Karlovy Vary,344,189,189,23,4,7,9,16,0,0,1,0,1,18,0,20,60,2,6,0,0,0,18,2
554961, Karlovy Vary, Obec: Karlovy Vary,680,417,417,63,2,17,18,17,8,4,5,1,2,63,0,36,116,1,6,5,0,0,52,1
554961, Karlovy Vary, Obec: Karlovy Vary,635,347,347,54,0,26,25,16,10,0,2,0,2,49,0,22,86,0,3,4,0,0,43,2
554961, Karlovy Vary, Obec: Karlovy Vary,314,178,177,36,0,13,13,10,3,0,3,0,0,18,0,19,41,1,3,1,0,0,16,0
554961, Karlovy Vary, Obec: Karlovy Vary,559,386,386,62,1,11,33,22,6,2,9,2,1,60,0,24,104,1,6,5,1,1,32,1
554961, Karlovy Vary, Obec: Karlovy Vary,409,289,288,39,1,12,36,14,4,1,1,0,0,29,0,29,77,0,12,7,1,0,25,0
554961, Karlovy Vary, Obec: Karlovy Vary,617,411,411,44,2,33,23,16,7,4,4,0,6,52,1,18,140,0,10,1,0,2,45,0
554961, Karlovy Vary, Obec: Karlovy Vary,797,522,522,54,4,47,32,33,9,2,10,0,2,89,0,15,150,4,12,5,1,0,46,1
554961, Karlovy Vary, Obec: Karlovy Vary,796,412,412,39,0,35,27,36,5,2,10,0,0,44,0,16,136,0,15,5,1,2,33,0
554961, Karlovy Vary, Obec: Karlovy Vary,498,277,277,21,3,29,17,19,3,0,1,0,0,28,0,12,104,0,3,4,2,0,29,0
554961, Karlovy Vary, Obec: Karlovy Vary,485,300,300,39,1,14,22,12,4,0,5,0,0,46,0,36,73,0,13,3,4,1,22,0
554961, Karlovy Vary, Obec: Karlovy Vary,747,485,485,58,2,30,39,22,8,3,5,0,1,78,0,37,116,0,19,8,2,0,50,4
554961, Karlovy Vary, Obec: Karlovy Vary,595,362,362,42,0,18,29,25,6,1,10,0,0,42,1,24,94,1,7,8,2,1,46,0
554961, Karlovy Vary, Obec: Karlovy Vary,857,428,428,52,1,28,29,25,6,3,5,1,1,48,0,36,138,0,11,4,1,0,34,1
554961, Karlovy Vary, Obec: Karlovy Vary,892,490,490,63,3,28,33,29,7,4,7,1,1,58,0,20,156,1,8,3,0,1,64,0
554961, Karlovy Vary, Obec: Karlovy Vary,1 009,596,596,38,2,69,42,44,8,7,8,1,2,52,0,23,219,0,14,1,3,0,57,3
554961, Karlovy Vary, Obec: Karlovy Vary,732,436,436,44,4,30,22,18,4,1,7,0,1,51,0,29,161,1,12,4,0,0,43,2
554961, Karlovy Vary, Obec: Karlovy Vary,746,513,513,65,2,40,42,28,3,2,4,6,1,41,0,31,190,0,14,6,2,0,34,1
554961, Karlovy Vary, Obec: Karlovy Vary,733,417,417,37,3,30,25,28,3,2,2,0,3,52,0,8,174,2,3,0,2,0,38,0
554961, Karlovy Vary, Obec: Karlovy Vary,835,529,529,48,9,27,41,33,7,7,2,0,1,72,0,18,184,0,18,9,1,0,50,0
554961, Karlovy Vary, Obec: Karlovy Vary,518,326,326,39,2,20,18,18,2,4,0,0,1,33,1,26,109,0,5,1,2,2,40,0
554961, Karlovy Vary, Obec: Karlovy Vary,678,305,305,29,1,13,14,12,4,4,5,0,0,26,2,23,110,2,6,9,1,2,39,1
554961, Karlovy Vary, Obec: Karlovy Vary,843,498,498,81,0,22,37,36,6,6,4,0,0,56,0,21,148,1,15,4,0,2,55,0
554961, Karlovy Vary, Obec: Karlovy Vary,1 017,600,600,50,1,53,42,44,6,5,8,0,4,72,0,23,191,1,17,3,5,0,68,4
554961, Karlovy Vary, Obec: Karlovy Vary,995,546,546,42,2,53,33,51,3,6,2,0,4,67,1,25,174,1,11,5,2,1,60,2
554961, Karlovy Vary, Obec: Karlovy Vary,1 104,693,692,67,4,47,30,43,10,4,4,0,4,59,2,38,239,3,21,6,0,1,102,0
554961, Karlovy Vary, Obec: Karlovy Vary,679,423,423,43,1,21,35,32,3,2,3,1,2,51,1,24,130,0,12,3,1,1,51,4
554961, Karlovy Vary, Obec: Karlovy Vary,544,252,251,12,2,18,10,15,5,3,1,0,2,35,0,11,73,1,9,4,1,0,48,1
554961, Karlovy Vary, Obec: Karlovy Vary,635,355,355,17,2,22,28,8,5,9,9,1,2,51,0,19,116,0,3,1,0,2,57,0
554961, Karlovy Vary, Obec: Karlovy Vary,700,419,419,35,0,36,22,33,7,3,6,0,1,41,0,25,152,1,9,4,2,0,40,0
554961, Karlovy Vary, Obec: Karlovy Vary,728,434,434,33,2,19,29,50,8,5,1,1,1,41,0,17,164,2,8,3,4,0,44,1
554961, Karlovy Vary, Obec: Karlovy Vary,645,389,389,35,1,25,16,24,3,7,1,0,2,44,0,16,160,0,6,11,1,0,36,1
554961, Karlovy Vary, Obec: Karlovy Vary,637,406,406,45,3,20,16,37,4,7,4,0,1,37,0,15,157,0,6,4,1,0,46,1
554961, Karlovy Vary, Obec: Karlovy Vary,870,496,496,62,0,16,47,29,5,1,4,0,2,62,2,22,174,0,13,3,2,3,46,1
554961, Karlovy Vary, Obec: Karlovy Vary,824,521,521,29,1,37,47,34,8,3,3,0,2,60,0,22,196,2,7,8,1,0,55,2
554961, Karlovy Vary, Obec: Karlovy Vary,1 052,622,622,68,5,32,38,51,5,5,15,0,4,71,0,33,209,0,6,8,1,0,68,1
554961, Karlovy Vary, Obec: Karlovy Vary,975,595,595,48,2,41,25,41,9,11,8,0,2,71,0,23,227,0,9,6,2,2,67,0
554961, Karlovy Vary, Obec: Karlovy Vary,856,535,535,59,1,39,38,37,5,2,6,0,5,50,1,30,185,1,12,1,0,1,61,0
554961, Karlovy Vary, Obec: Karlovy Vary,1 050,580,580,53,4,44,30,30,1,6,7,0,4,60,2,26,222,1,9,3,4,4,68,1
554961, Karlovy Vary, Obec: Karlovy Vary,903,578,578,35,0,52,40,42,6,5,6,0,2,48,0,23,228,0,13,5,3,1,60,1
554961, Karlovy Vary, Obec: Karlovy Vary,1 001,588,588,49,1,49,46,29,7,5,14,0,1,53,2,20,227,1,11,8,1,2,57,2
554961, Karlovy Vary, Obec: Karlovy Vary,1 058,645,643,68,0,48,44,42,7,2,7,0,3,69,1,30,208,0,24,4,1,0,78,2
554961, Karlovy Vary, Obec: Karlovy Vary,244,166,166,12,3,7,10,6,2,5,0,0,0,23,0,7,53,0,3,0,0,0,34,1
554961, Karlovy Vary, Obec: Karlovy Vary,708,479,479,60,1,24,43,20,5,3,9,0,0,51,0,26,160,1,10,6,2,3,45,3
554961, Karlovy Vary, Obec: Karlovy Vary,498,277,277,21,3,29,17,19,3,0,1,0,0,28,0,12,104,0,3,4,2,0,29,0
554961, Karlovy Vary, Obec: Karlovy Vary,485,300,300,39,1,14,22,12,4,0,5,0,0,46,0,36,73,0,13,3,4,1,22,0
554961, Karlovy Vary, Obec: Karlovy Vary,747,485,485,58,2,30,39,22,8,3,5,0,1,78,0,37,116,0,19,8,2,0,50,4
554961, Karlovy Vary, Obec: Karlovy Vary,595,362,362,42,0,18,29,25,6,1,10,0,0,42,1,24,94,1,7,8,2,1,46,0
554961, Karlovy Vary, Obec: Karlovy Vary,857,428,428,52,1,28,29,25,6,3,5,1,1,48,0,36,138,0,11,4,1,0,34,1
554961, Karlovy Vary, Obec: Karlovy Vary,892,490,490,63,3,28,33,29,7,4,7,1,1,58,0,20,156,1,8,3,0,1,64,0
554961, Karlovy Vary, Obec: Karlovy Vary,1 009,596,596,38,2,69,42,44,8,7,8,1,2,52,0,23,219,0,14,1,3,0,57,3
554961, Karlovy Vary, Obec: Karlovy Vary,732,436,436,44,4,30,22,18,4,1,7,0,1,51,0,29,161,1,12,4,0,0,43,2
554961, Karlovy Vary, Obec: Karlovy Vary,746,513,513,65,2,40,42,28,3,2,4,6,1,41,0,31,190,0,14,6,2,0,34,1
554961, Karlovy Vary, Obec: Karlovy Vary,733,417,417,37,3,30,25,28,3,2,2,0,3,52,0,8,174,2,3,0,2,0,38,0
554961, Karlovy Vary, Obec: Karlovy Vary,835,529,529,48,9,27,41,33,7,7,2,0,1,72,0,18,184,0,18,9,1,0,50,0
554961, Karlovy Vary, Obec: Karlovy Vary,518,326,326,39,2,20,18,18,2,4,0,0,1,33,1,26,109,0,5,1,2,2,40,0
554961, Karlovy Vary, Obec: Karlovy Vary,678,305,305,29,1,13,14,12,4,4,5,0,0,26,2,23,110,2,6,9,1,2,39,1
554961, Karlovy Vary, Obec: Karlovy Vary,843,498,498,81,0,22,37,36,6,6,4,0,0,56,0,21,148,1,15,4,0,2,55,0
554961, Karlovy Vary, Obec: Karlovy Vary,1 017,600,600,50,1,53,42,44,6,5,8,0,4,72,0,23,191,1,17,3,5,0,68,4
554961, Karlovy Vary, Obec: Karlovy Vary,995,546,546,42,2,53,33,51,3,6,2,0,4,67,1,25,174,1,11,5,2,1,60,2
554961, Karlovy Vary, Obec: Karlovy Vary,1 104,693,692,67,4,47,30,43,10,4,4,0,4,59,2,38,239,3,21,6,0,1,102,0
554961, Karlovy Vary, Obec: Karlovy Vary,679,423,423,43,1,21,35,32,3,2,3,1,2,51,1,24,130,0,12,3,1,1,51,4
554961, Karlovy Vary, Obec: Karlovy Vary,544,252,251,12,2,18,10,15,5,3,1,0,2,35,0,11,73,1,9,4,1,0,48,1
554961, Karlovy Vary, Obec: Karlovy Vary,635,355,355,17,2,22,28,8,5,9,9,1,2,51,0,19,116,0,3,1,0,2,57,0
554961, Karlovy Vary, Obec: Karlovy Vary,700,419,419,35,0,36,22,33,7,3,6,0,1,41,0,25,152,1,9,4,2,0,40,0
554961, Karlovy Vary, Obec: Karlovy Vary,728,434,434,33,2,19,29,50,8,5,1,1,1,41,0,17,164,2,8,3,4,0,44,1
554961, Karlovy Vary, Obec: Karlovy Vary,645,389,389,35,1,25,16,24,3,7,1,0,2,44,0,16,160,0,6,11,1,0,36,1
554961, Karlovy Vary, Obec: Karlovy Vary,637,406,406,45,3,20,16,37,4,7,4,0,1,37,0,15,157,0,6,4,1,0,46,1
554961, Karlovy Vary, Obec: Karlovy Vary,870,496,496,62,0,16,47,29,5,1,4,0,2,62,2,22,174,0,13,3,2,3,46,1
554961, Karlovy Vary, Obec: Karlovy Vary,824,521,521,29,1,37,47,34,8,3,3,0,2,60,0,22,196,2,7,8,1,0,55,2
554961, Karlovy Vary, Obec: Karlovy Vary,1 052,622,622,68,5,32,38,51,5,5,15,0,4,71,0,33,209,0,6,8,1,0,68,1
554961, Karlovy Vary, Obec: Karlovy Vary,975,595,595,48,2,41,25,41,9,11,8,0,2,71,0,23,227,0,9,6,2,2,67,0
554961, Karlovy Vary, Obec: Karlovy Vary,856,535,535,59,1,39,38,37,5,2,6,0,5,50,1,30,185,1,12,1,0,1,61,0
554961, Karlovy Vary, Obec: Karlovy Vary,1 050,580,580,53,4,44,30,30,1,6,7,0,4,60,2,26,222,1,9,3,4,4,68,1
554961, Karlovy Vary, Obec: Karlovy Vary,903,578,578,35,0,52,40,42,6,5,6,0,2,48,0,23,228,0,13,5,3,1,60,1
554961, Karlovy Vary, Obec: Karlovy Vary,1 001,588,588,49,1,49,46,29,7,5,14,0,1,53,2,20,227,1,11,8,1,2,57,2
554961, Karlovy Vary, Obec: Karlovy Vary,1 058,645,643,68,0,48,44,42,7,2,7,0,3,69,1,30,208,0,24,4,1,0,78,2
554961, Karlovy Vary, Obec: Karlovy Vary,244,166,166,12,3,7,10,6,2,5,0,0,0,23,0,7,53,0,3,0,0,0,34,1
554961, Karlovy Vary, Obec: Karlovy Vary,708,479,479,60,1,24,43,20,5,3,9,0,0,51,0,26,160,1,10,6,2,3,45,3
554961, Karlovy Vary, Obec: Karlovy Vary,995,546,546,42,2,53,33,51,3,6,2,0,4,67,1,25,174,1,11,5,2,1,60,2
554961, Karlovy Vary, Obec: Karlovy Vary,1 104,693,692,67,4,47,30,43,10,4,4,0,4,59,2,38,239,3,21,6,0,1,102,0
554961, Karlovy Vary, Obec: Karlovy Vary,679,423,423,43,1,21,35,32,3,2,3,1,2,51,1,24,130,0,12,3,1,1,51,4
554961, Karlovy Vary, Obec: Karlovy Vary,544,252,251,12,2,18,10,15,5,3,1,0,2,35,0,11,73,1,9,4,1,0,48,1
554961, Karlovy Vary, Obec: Karlovy Vary,635,355,355,17,2,22,28,8,5,9,9,1,2,51,0,19,116,0,3,1,0,2,57,0
554961, Karlovy Vary, Obec: Karlovy Vary,700,419,419,35,0,36,22,33,7,3,6,0,1,41,0,25,152,1,9,4,2,0,40,0
554961, Karlovy Vary, Obec: Karlovy Vary,728,434,434,33,2,19,29,50,8,5,1,1,1,41,0,17,164,2,8,3,4,0,44,1
554961, Karlovy Vary, Obec: Karlovy Vary,645,389,389,35,1,25,16,24,3,7,1,0,2,44,0,16,160,0,6,11,1,0,36,1
554961, Karlovy Vary, Obec: Karlovy Vary,637,406,406,45,3,20,16,37,4,7,4,0,1,37,0,15,157,0,6,4,1,0,46,1
554961, Karlovy Vary, Obec: Karlovy Vary,870,496,496,62,0,16,47,29,5,1,4,0,2,62,2,22,174,0,13,3,2,3,46,1
554961, Karlovy Vary, Obec: Karlovy Vary,824,521,521,29,1,37,47,34,8,3,3,0,2,60,0,22,196,2,7,8,1,0,55,2
554961, Karlovy Vary, Obec: Karlovy Vary,1 052,622,622,68,5,32,38,51,5,5,15,0,4,71,0,33,209,0,6,8,1,0,68,1
554961, Karlovy Vary, Obec: Karlovy Vary,975,595,595,48,2,41,25,41,9,11,8,0,2,71,0,23,227,0,9,6,2,2,67,0
554961, Karlovy Vary, Obec: Karlovy Vary,856,535,535,59,1,39,38,37,5,2,6,0,5,50,1,30,185,1,12,1,0,1,61,0
554961, Karlovy Vary, Obec: Karlovy Vary,1 050,580,580,53,4,44,30,30,1,6,7,0,4,60,2,26,222,1,9,3,4,4,68,1
554961, Karlovy Vary, Obec: Karlovy Vary,903,578,578,35,0,52,40,42,6,5,6,0,2,48,0,23,228,0,13,5,3,1,60,1
554961, Karlovy Vary, Obec: Karlovy Vary,1 001,588,588,49,1,49,46,29,7,5,14,0,1,53,2,20,227,1,11,8,1,2,57,2
554961, Karlovy Vary, Obec: Karlovy Vary,1 058,645,643,68,0,48,44,42,7,2,7,0,3,69,1,30,208,0,24,4,1,0,78,2
554961, Karlovy Vary, Obec: Karlovy Vary,244,166,166,12,3,7,10,6,2,5,0,0,0,23,0,7,53,0,3,0,0,0,34,1
554961, Karlovy Vary, Obec: Karlovy Vary,708,479,479,60,1,24,43,20,5,3,9,0,0,51,0,26,160,1,10,6,2,3,45,3
554961, Karlovy Vary, Obec: Karlovy Vary,903,578,578,35,0,52,40,42,6,5,6,0,2,48,0,23,228,0,13,5,3,1,60,1
554961, Karlovy Vary, Obec: Karlovy Vary,1 001,588,588,49,1,49,46,29,7,5,14,0,1,53,2,20,227,1,11,8,1,2,57,2
554961, Karlovy Vary, Obec: Karlovy Vary,1 058,645,643,68,0,48,44,42,7,2,7,0,3,69,1,30,208,0,24,4,1,0,78,2
554961, Karlovy Vary, Obec: Karlovy Vary,244,166,166,12,3,7,10,6,2,5,0,0,0,23,0,7,53,0,3,0,0,0,34,1
554961, Karlovy Vary, Obec: Karlovy Vary,708,479,479,60,1,24,43,20,5,3,9,0,0,51,0,26,160,1,10,6,2,3,45,3
555258, Karlovy Vary, Obec: Kolová,368,"62,59",366,58,1,24,20,16,3,6,2,0,1,55,3,37,93,0,14,3,0,0,29,1
555304, Karlovy Vary, Obec: Krásné Údolí,157,"46,18",155,17,2,2,3,15,0,3,2,0,1,10,0,2,69,2,1,1,1,1,23,0
578045, Karlovy Vary, Obec: Krásný Les,177,"67,56",176,24,5,12,13,7,1,4,5,1,0,12,0,8,61,0,4,1,0,0,17,1
555347, Karlovy Vary, Obec: Kyselka,356,"54,43",353,29,2,14,31,30,4,3,3,1,0,24,0,15,127,1,11,0,1,2,54,1
555363, Karlovy Vary, Obec: Merklín,432,"55,17",426,42,3,25,21,35,11,9,6,1,0,42,1,8,144,0,6,14,0,1,53,4
537934, Karlovy Vary, Obec: Mírová,172,"67,98",172,26,0,11,12,6,1,3,3,0,0,21,0,4,60,0,4,0,0,0,20,1
555380, Karlovy Vary, Obec: Nejdek,571,298,298,17,1,20,22,9,6,3,0,0,1,32,1,10,126,0,14,2,0,1,28,4
555380, Karlovy Vary, Obec: Nejdek,426,210,210,11,1,21,5,15,5,1,2,0,0,20,0,5,82,0,6,0,0,2,29,5
555380, Karlovy Vary, Obec: Nejdek,1 118,366,366,52,3,16,20,22,8,6,5,1,0,36,1,15,97,1,10,0,0,3,63,6
555380, Karlovy Vary, Obec: Nejdek,667,343,342,32,0,27,18,19,7,2,5,0,0,33,0,11,124,1,15,1,1,3,36,4
555380, Karlovy Vary, Obec: Nejdek,421,211,210,20,1,16,5,15,4,1,3,1,2,17,0,9,66,1,3,2,0,3,35,5
555380, Karlovy Vary, Obec: Nejdek,521,321,321,30,2,25,17,24,7,4,1,0,0,34,0,10,109,0,4,4,0,4,36,9
555380, Karlovy Vary, Obec: Nejdek,614,304,303,14,0,25,9,31,1,8,2,0,0,27,0,4,140,2,7,1,0,1,25,3
555380, Karlovy Vary, Obec: Nejdek,439,251,251,26,0,22,11,13,3,2,3,0,0,26,0,5,90,0,8,2,2,0,30,6
555380, Karlovy Vary, Obec: Nejdek,219,125,125,7,0,13,2,9,1,0,0,0,0,19,0,2,42,0,4,1,0,0,23,0
555380, Karlovy Vary, Obec: Nejdek,106,51,51,4,0,5,0,1,0,0,0,0,0,1,0,1,23,0,6,0,0,0,9,0
555380, Karlovy Vary, Obec: Nejdek,384,184,184,12,0,22,7,9,7,3,2,0,0,15,0,6,65,0,8,0,1,0,24,0
555380, Karlovy Vary, Obec: Nejdek,647,316,316,28,1,15,13,13,7,5,4,0,0,32,0,8,133,2,10,2,0,0,35,5
555380, Karlovy Vary, Obec: Nejdek,115,72,72,7,0,5,7,3,8,0,0,0,0,7,0,1,20,0,3,0,1,1,5,4
555398, Karlovy Vary, Obec: Nová Role,787,514,513,45,0,40,54,36,9,2,7,0,1,49,0,20,155,0,6,3,0,8,75,2
555398, Karlovy Vary, Obec: Nová Role,1 393,730,730,62,3,46,78,46,6,8,12,2,0,66,0,25,260,2,9,4,5,5,80,3
555398, Karlovy Vary, Obec: Nová Role,828,514,514,26,0,59,69,19,5,4,8,1,2,40,0,12,183,1,8,1,2,3,66,2
555398, Karlovy Vary, Obec: Nová Role,374,233,231,30,7,16,22,11,3,1,3,0,2,23,0,8,64,0,5,0,0,0,28,5
506494, Karlovy Vary, Obec: Nové Hamry,203,"70,73",201,24,0,7,15,17,1,0,11,1,1,14,1,7,69,0,0,0,0,8,23,2
555428, Karlovy Vary, Obec: Ostrov,1 832,661,661,92,1,22,33,41,8,3,10,0,4,107,3,29,192,3,12,3,0,0,90,3
555428, Karlovy Vary, Obec: Ostrov,1 089,556,556,73,1,40,28,47,4,6,5,3,1,63,0,29,163,1,14,3,4,0,68,1
555428, Karlovy Vary, Obec: Ostrov,744,419,419,29,0,34,24,29,8,1,6,0,0,42,0,17,138,0,10,5,2,1,71,1
555428, Karlovy Vary, Obec: Ostrov,819,497,496,36,0,40,21,42,6,7,4,3,2,52,0,15,181,3,10,2,4,0,62,0
555428, Karlovy Vary, Obec: Ostrov,883,467,467,40,2,35,10,40,5,5,9,1,0,36,0,8,199,3,5,3,2,0,61,1
555428, Karlovy Vary, Obec: Ostrov,658,371,371,33,2,29,10,31,5,2,4,0,0,43,0,19,130,0,12,0,2,1,43,0
555428, Karlovy Vary, Obec: Ostrov,731,458,458,34,0,47,27,36,4,4,4,2,0,41,1,11,169,1,13,4,3,0,51,3
555428, Karlovy Vary, Obec: Ostrov,1 138,655,652,59,2,39,28,64,7,5,5,0,2,63,0,17,240,2,21,4,5,1,81,2
555428, Karlovy Vary, Obec: Ostrov,1 013,604,604,50,3,48,34,52,9,15,5,1,1,69,1,32,180,3,16,5,2,0,76,1
555428, Karlovy Vary, Obec: Ostrov,1 006,634,634,86,2,28,25,50,5,18,16,1,1,74,0,26,200,2,20,6,1,1,68,2
555428, Karlovy Vary, Obec: Ostrov,1 005,551,550,45,2,36,18,54,4,9,11,1,0,43,0,19,187,2,20,1,3,3,84,1
555428, Karlovy Vary, Obec: Ostrov,970,534,534,48,0,42,22,38,6,10,3,0,2,51,0,16,206,2,12,6,5,0,58,5
555428, Karlovy Vary, Obec: Ostrov,959,523,523,45,2,35,24,35,8,8,12,1,0,35,0,21,196,2,13,3,0,0,78,2
555428, Karlovy Vary, Obec: Ostrov,1 243,705,704,68,18,25,22,68,17,24,7,10,3,75,1,17,199,4,13,2,9,10,85,19
537969, Karlovy Vary, Obec: Otovice,511,"73,84",506,64,12,23,32,28,2,6,8,2,1,55,2,27,174,0,9,3,1,5,52,0
555444, Karlovy Vary, Obec: Otročín,200,"50,76",195,8,0,15,4,29,0,5,4,2,0,13,1,3,55,2,30,4,0,0,20,0
555452, Karlovy Vary, Obec: Pernink,306,"57,20",305,42,1,14,31,19,5,5,0,0,0,34,1,16,93,0,6,2,1,1,34,0
556947, Karlovy Vary, Obec: Pila,268,"65,37",266,17,3,32,16,22,5,3,1,1,0,25,1,8,94,0,7,3,0,0,27,1
555479, Karlovy Vary, Obec: Potůčky,144,"56,92",142,27,0,15,9,18,2,3,2,0,0,10,0,8,15,2,0,0,0,0,30,1
555525, Karlovy Vary, Obec: Pšov,198,"42,86",198,6,1,19,12,19,1,1,1,0,0,15,0,0,80,0,9,1,0,0,32,1
555533, Karlovy Vary, Obec: Sadov,752,477,477,70,4,20,31,22,1,5,5,0,0,50,2,25,149,0,10,4,0,5,67,1
555533, Karlovy Vary, Obec: Sadov,239,121,121,17,0,9,7,8,2,1,0,0,2,11,0,4,38,0,3,0,0,3,13,1
538027, Karlovy Vary, Obec: Smolné Pece,92,"67,65",92,24,2,5,5,0,5,0,1,0,0,3,0,3,34,1,1,0,0,0,8,0
555550, Karlovy Vary, Obec: Stanovice,277,"55,29",274,25,1,8,23,21,1,2,5,0,1,25,1,17,102,1,9,1,0,2,27,2
555584, Karlovy Vary, Obec: Stráž nad Ohří,391,204,204,10,0,10,7,27,5,2,0,0,0,16,0,7,89,0,0,1,0,1,27,2
555584, Karlovy Vary, Obec: Stráž nad Ohří,91,52,52,3,0,2,3,4,0,0,0,0,0,6,1,4,25,1,0,1,0,0,1,0
555592, Karlovy Vary, Obec: Stružná,247,"54,89",247,12,0,4,23,16,0,4,3,1,0,26,0,7,109,2,5,3,0,1,31,0
555614, Karlovy Vary, Obec: Šemnice,292,"56,48",290,47,2,13,15,25,9,4,7,0,1,27,2,10,81,0,9,1,1,0,32,4
555622, Karlovy Vary, Obec: Štědrá,216,"46,25",213,8,0,10,4,26,4,8,2,1,0,16,1,3,79,1,4,1,2,0,43,0
537845, Karlovy Vary, Obec: Teplička,62,"67,39",61,7,0,2,0,2,1,1,0,0,0,7,0,5,25,0,1,0,0,0,10,0
555657, Karlovy Vary, Obec: Toužim,1 245,619,618,37,2,59,11,70,4,3,14,0,0,60,4,7,256,2,8,4,1,1,71,1
555657, Karlovy Vary, Obec: Toužim,941,451,451,29,2,36,10,54,5,7,1,0,1,45,1,10,174,1,13,1,3,0,53,0
555657, Karlovy Vary, Obec: Toužim,788,423,423,64,1,30,20,41,6,1,9,0,0,34,1,10,148,1,25,1,0,2,27,1
555681, Karlovy Vary, Obec: Útvina,271,"58,91",268,6,1,15,7,43,7,3,2,0,0,27,0,10,97,0,4,3,2,0,41,0
555690, Karlovy Vary, Obec: Valeč,165,"57,69",164,6,0,6,14,20,7,5,0,0,0,25,0,1,57,1,3,0,0,0,19,0
555703, Karlovy Vary, Obec: Velichov,263,"60,74",261,14,1,17,18,16,3,4,2,3,0,17,0,9,98,0,1,4,1,4,49,0
555711, Karlovy Vary, Obec: Verušičky,178,"44,17",178,4,2,6,50,33,0,8,1,0,1,5,0,3,39,0,6,0,0,1,19,0
555738, Karlovy Vary, Obec: Vojkovice,328,154,154,6,0,11,6,14,3,1,0,0,0,26,1,5,56,0,2,0,1,0,21,0
555738, Karlovy Vary, Obec: Vojkovice,177,113,113,0,0,9,6,6,0,1,0,0,0,15,0,5,55,0,0,0,0,1,15,0
566675, Karlovy Vary, Obec: Vrbice,63,"41,45",63,1,0,4,7,13,0,0,0,0,0,1,0,1,26,0,4,0,0,0,6,0
578029, Karlovy Vary, Obec: Vysoká Pec,168,"61,31",168,9,2,2,11,14,9,0,0,0,0,25,1,11,43,1,6,0,0,0,33,1
555762, Karlovy Vary, Obec: Žlutice,947,480,479,22,4,32,24,44,6,5,1,0,0,22,0,26,186,2,20,0,2,1,76,0
555762, Karlovy Vary, Obec: Žlutice,1 051,494,494,36,2,29,14,53,4,4,6,1,2,36,0,13,175,2,46,2,1,3,60,1
560294, Sokolov, Obec: Březová,1 085,549,549,46,8,35,18,45,5,5,5,0,0,49,0,9,210,2,11,4,6,4,76,1
560294, Sokolov, Obec: Březová,1 178,657,657,66,12,58,24,63,12,5,2,1,0,57,0,18,247,1,2,4,1,2,75,3
560308, Sokolov, Obec: Bublava,198,"58,75",195,19,0,13,10,13,2,1,5,0,0,22,0,9,64,0,4,1,1,3,28,0
560316, Sokolov, Obec: Bukovany,543,"43,34",529,36,17,29,37,36,8,2,7,1,1,31,0,5,207,0,1,1,0,2,103,5
560324, Sokolov, Obec: Citice,371,"51,31",364,23,0,28,21,38,4,7,5,2,0,24,0,6,146,1,3,1,0,0,51,4
560332, Sokolov, Obec: Dasnice,94,"40,34",94,7,4,1,14,7,3,3,5,0,0,6,3,0,30,1,0,0,0,0,9,1
560341, Sokolov, Obec: Dolní Nivy,166,"61,03",164,13,2,5,12,9,4,3,3,3,1,15,0,5,49,1,2,0,0,6,30,1
538591, Sokolov, Obec: Dolní Rychnov,602,"55,43",598,62,15,39,27,51,5,3,11,0,1,53,1,29,229,0,19,3,0,5,41,4
560359, Sokolov, Obec: Habartov,1 126,398,398,47,11,30,14,25,1,3,9,1,1,13,2,9,154,2,4,5,1,2,57,5
560359, Sokolov, Obec: Habartov,874,427,427,29,9,45,10,28,4,10,6,0,0,20,0,11,173,4,5,0,1,5,62,3
560359, Sokolov, Obec: Habartov,988,300,300,12,9,16,13,43,2,8,2,0,0,14,0,5,116,0,3,2,0,2,46,4
560359, Sokolov, Obec: Habartov,540,300,300,23,2,12,14,21,1,2,12,1,0,22,1,7,125,3,3,1,0,2,42,2
560359, Sokolov, Obec: Habartov,495,319,319,30,5,17,17,21,4,2,3,0,0,14,0,8,127,1,5,5,0,0,54,3
560367, Sokolov, Obec: Horní Slavkov,1 134,615,614,61,8,25,21,41,6,20,12,4,0,65,0,15,244,6,13,1,3,5,55,3
560367, Sokolov, Obec: Horní Slavkov,828,457,457,20,4,43,20,43,1,4,11,0,1,30,0,12,200,0,5,0,0,2,55,0
560367, Sokolov, Obec: Horní Slavkov,833,434,434,45,9,18,32,29,5,3,7,0,0,39,1,8,177,1,4,2,0,0,48,2
560367, Sokolov, Obec: Horní Slavkov,1 032,390,390,24,0,20,14,45,4,4,5,1,0,34,2,10,156,2,4,0,2,1,56,2
560367, Sokolov, Obec: Horní Slavkov,1 001,519,519,35,5,40,19,31,5,3,9,1,1,43,0,13,244,2,5,2,1,1,54,1
560375, Sokolov, Obec: Chlum Svaté Maří,131,"53,25",128,8,1,16,7,3,0,0,3,0,1,12,0,0,56,2,3,1,1,0,13,1
560383, Sokolov, Obec: Chodov,915,464,464,46,1,36,27,41,1,4,12,1,0,28,1,13,171,1,5,5,1,2,59,3
560383, Sokolov, Obec: Chodov,945,520,520,47,3,31,39,27,6,7,6,0,0,44,0,8,205,4,11,5,3,1,71,2
560383, Sokolov, Obec: Chodov,1 470,497,497,46,2,39,36,30,4,5,11,1,1,46,0,17,178,0,5,0,0,3,70,0
560383, Sokolov, Obec: Chodov,1 338,706,704,49,2,60,38,57,5,10,6,1,3,53,1,21,269,4,16,4,6,0,92,0
560383, Sokolov, Obec: Chodov,894,351,350,18,5,38,12,22,5,7,3,0,0,28,3,10,123,1,11,0,0,3,61,0
560383, Sokolov, Obec: Chodov,1 044,551,547,32,1,40,27,43,4,5,11,1,2,49,0,16,214,3,12,2,2,2,73,1
560383, Sokolov, Obec: Chodov,1 178,368,368,18,3,31,18,46,7,3,2,0,1,34,1,6,109,0,4,3,1,2,72,3
560383, Sokolov, Obec: Chodov,1 054,521,517,29,0,39,14,31,5,4,8,2,0,43,3,16,217,1,10,4,0,0,85,3
560383, Sokolov, Obec: Chodov,991,414,414,34,2,40,11,23,3,3,4,3,0,25,0,7,166,4,6,7,0,5,67,0
560383, Sokolov, Obec: Chodov,943,426,426,37,4,33,25,28,7,4,4,0,0,40,0,11,145,1,7,4,1,1,62,3
560383, Sokolov, Obec: Chodov,230,138,138,15,1,6,3,13,2,1,0,0,0,12,0,5,56,0,2,1,1,1,17,2
560413, Sokolov, Obec: Jindřichovice,224,"56,42",222,12,0,6,8,17,2,2,5,0,0,12,0,4,108,2,10,0,0,2,31,1
511587, Sokolov, Obec: Josefov,185,"61,06",184,13,5,5,13,21,0,6,4,0,0,23,0,4,53,6,3,1,0,1,25,1
560421, Sokolov, Obec: Kaceřov,188,"50,54",188,6,4,6,8,13,1,3,1,0,0,9,0,3,98,1,1,0,1,3,30,0
560456, Sokolov, Obec: Krajková,396,"52,94",395,31,3,16,18,53,3,2,12,1,0,28,0,4,140,1,12,2,1,2,64,2
560464, Sokolov, Obec: Královské Poříčí,352,"52,85",348,20,6,28,17,30,4,4,10,1,1,23,1,8,138,2,9,4,1,1,38,2
560472, Sokolov, Obec: Kraslice,814,463,463,49,1,34,12,56,2,3,3,0,3,32,0,16,182,0,12,1,0,2,54,0
560472, Sokolov, Obec: Kraslice,793,332,332,16,1,19,8,29,3,9,7,1,0,18,0,6,152,1,7,0,2,5,46,0
560472, Sokolov, Obec: Kraslice,773,393,393,20,2,23,19,28,3,7,7,0,3,31,0,6,166,0,9,0,2,3,60,0
560472, Sokolov, Obec: Kraslice,970,356,356,23,1,27,12,25,4,4,3,0,0,22,0,13,144,1,9,2,2,1,55,2
560472, Sokolov, Obec: Kraslice,590,275,275,23,4,23,19,15,1,1,2,0,0,27,0,1,105,1,6,2,0,1,40,4
560472, Sokolov, Obec: Kraslice,709,394,394,29,0,25,8,27,3,5,8,0,0,27,0,9,175,1,5,1,2,1,64,0
560472, Sokolov, Obec: Kraslice,430,225,225,19,0,12,13,13,3,4,4,0,0,17,0,6,93,0,5,1,1,3,27,1
560472, Sokolov, Obec: Kraslice,472,240,240,16,1,10,8,27,1,3,5,1,0,21,0,5,100,0,2,2,0,0,36,0
538337, Sokolov, Obec: Krásno,332,"61,25",329,26,1,22,19,22,6,3,4,0,0,42,0,22,127,0,5,0,2,0,28,0
560499, Sokolov, Obec: Kynšperk nad Ohří,1 043,582,582,53,1,58,21,53,11,2,12,2,0,34,0,17,206,1,12,2,0,1,91,4
560499, Sokolov, Obec: Kynšperk nad Ohří,1 070,478,478,28,5,29,20,37,3,3,9,0,1,44,0,8,192,0,7,1,3,2,81,5
560499, Sokolov, Obec: Kynšperk nad Ohří,726,433,433,30,3,34,17,40,4,1,11,0,1,26,2,6,192,2,11,1,4,1,42,0
560499, Sokolov, Obec: Kynšperk nad Ohří,950,540,540,42,6,42,10,62,2,2,8,0,1,32,4,13,221,2,0,0,0,8,75,3
560499, Sokolov, Obec: Kynšperk nad Ohří,730,189,189,17,5,12,4,11,1,3,1,5,0,35,1,1,53,1,8,0,1,2,25,1
560502, Sokolov, Obec: Libavské Údolí,251,"51,75",251,12,6,9,19,18,2,2,7,0,0,11,0,5,99,2,6,0,1,1,46,5
560537, Sokolov, Obec: Loket,1 209,649,649,82,6,41,39,26,8,6,16,0,0,84,0,80,161,0,12,3,0,3,76,2
560537, Sokolov, Obec: Loket,1 274,745,745,70,11,57,27,42,19,8,19,0,0,84,2,53,213,3,15,8,2,3,98,4
560545, Sokolov, Obec: Lomnice,561,"55,00",556,28,21,27,24,39,6,12,15,3,2,57,0,11,191,2,15,8,3,3,88,1
560561, Sokolov, Obec: Nová Ves,46,"25,56",46,3,1,4,1,3,1,0,0,0,0,7,0,0,17,0,0,0,0,0,9,0
560570, Sokolov, Obec: Nové Sedlo,592,297,297,19,0,15,9,18,5,4,6,0,0,27,0,8,105,1,4,6,0,0,62,4
560570, Sokolov, Obec: Nové Sedlo,760,257,257,12,2,18,10,31,2,8,7,1,1,17,0,1,81,0,0,4,3,4,54,1
560570, Sokolov, Obec: Nové Sedlo,217,91,91,4,0,15,5,5,2,3,1,1,0,7,0,2,32,0,1,0,0,1,12,0
560570, Sokolov, Obec: Nové Sedlo,497,284,284,11,3,20,9,24,2,4,5,0,0,20,0,7,106,0,11,3,0,0,58,0
560588, Sokolov, Obec: Oloví,927,341,341,10,3,27,13,47,1,6,2,0,0,24,0,3,143,1,4,3,0,3,44,0
560588, Sokolov, Obec: Oloví,421,211,211,6,3,19,11,15,2,4,7,0,1,16,0,8,86,1,2,0,2,1,24,2
560596, Sokolov, Obec: Přebuz,50,"64,94",50,4,0,3,2,13,3,0,1,0,0,1,0,4,11,0,0,0,0,0,8,0
560600, Sokolov, Obec: Rotava,1 323,613,611,18,6,91,11,84,4,5,2,3,0,46,0,5,221,3,18,3,0,3,83,1
560600, Sokolov, Obec: Rotava,937,406,406,8,4,65,6,53,3,11,2,2,2,18,0,2,148,2,3,1,0,3,73,0
560600, Sokolov, Obec: Rotava,214,84,84,9,0,4,2,12,0,0,0,0,0,9,0,1,28,0,2,0,0,0,17,0
560618, Sokolov, Obec: Rovná,95,"36,54",95,5,2,9,4,20,0,3,0,1,0,3,0,0,28,2,1,0,0,1,16,0
560286, Sokolov, Obec: Sokolov,912,546,546,51,6,35,19,38,6,1,10,0,5,46,0,31,205,0,9,3,1,1,73,1
560286, Sokolov, Obec: Sokolov,1 619,501,501,62,7,31,34,46,0,2,9,2,0,30,0,20,173,0,13,4,1,1,64,2
560286, Sokolov, Obec: Sokolov,958,352,352,40,10,19,18,20,4,6,3,2,0,26,0,20,120,2,7,5,0,1,44,3
560286, Sokolov, Obec: Sokolov,810,458,457,38,8,35,16,34,5,1,6,2,0,37,0,16,190,0,7,12,1,3,43,1
560286, Sokolov, Obec: Sokolov,683,402,402,35,7,38,15,32,5,2,8,0,0,26,0,16,148,1,10,4,0,2,45,6
560286, Sokolov, Obec: Sokolov,704,409,409,32,6,33,12,38,2,1,6,1,4,47,0,16,143,1,11,1,1,1,49,0
560286, Sokolov, Obec: Sokolov,900,538,538,56,10,43,27,29,5,1,6,1,0,58,2,27,184,0,12,2,1,1,72,1
560286, Sokolov, Obec: Sokolov,825,355,355,44,14,29,10,35,2,3,7,0,0,31,0,13,109,1,4,1,0,0,49,2
560286, Sokolov, Obec: Sokolov,951,306,306,10,5,23,11,23,7,2,4,0,1,21,4,10,125,1,5,5,0,1,46,2
560286, Sokolov, Obec: Sokolov,978,465,465,32,5,41,20,30,4,2,2,0,1,45,0,14,175,4,7,1,2,1,69,6
560286, Sokolov, Obec: Sokolov,1 025,503,503,37,6,39,12,44,6,3,9,2,0,44,1,14,183,1,16,2,0,5,73,3
560286, Sokolov, Obec: Sokolov,1 013,515,515,35,9,51,13,47,5,6,13,0,1,47,0,12,174,1,4,4,1,1,87,2
560286, Sokolov, Obec: Sokolov,1 093,488,488,21,10,45,12,58,4,9,9,0,1,30,0,10,195,0,4,5,3,1,61,6
560286, Sokolov, Obec: Sokolov,1 453,799,799,59,21,79,40,60,18,6,12,1,2,90,2,31,230,6,13,6,0,1,112,2
560286, Sokolov, Obec: Sokolov,1 188,609,609,30,10,46,13,60,10,5,9,0,0,49,1,9,248,0,5,9,1,3,89,8
560286, Sokolov, Obec: Sokolov,1 139,581,581,53,11,46,28,52,12,5,15,2,1,60,1,10,194,0,5,6,1,2,71,4
560286, Sokolov, Obec: Sokolov,716,393,393,29,11,32,20,45,3,0,4,0,0,26,0,7,156,2,3,3,1,2,45,1
560286, Sokolov, Obec: Sokolov,986,516,516,41,6,38,17,48,3,4,13,0,1,43,0,17,201,3,11,5,1,3,56,2
560286, Sokolov, Obec: Sokolov,1 155,605,605,31,6,57,33,66,7,1,7,1,2,36,0,16,235,0,8,10,3,1,75,9
560286, Sokolov, Obec: Sokolov,1 139,581,581,53,11,46,28,52,12,5,15,2,1,60,1,10,194,0,5,6,1,2,71,4
560286, Sokolov, Obec: Sokolov,716,393,393,29,11,32,20,45,3,0,4,0,0,26,0,7,156,2,3,3,1,2,45,1
560286, Sokolov, Obec: Sokolov,986,516,516,41,6,38,17,48,3,4,13,0,1,43,0,17,201,3,11,5,1,3,56,2
560286, Sokolov, Obec: Sokolov,1 155,605,605,31,6,57,33,66,7,1,7,1,2,36,0,16,235,0,8,10,3,1,75,9
560642, Sokolov, Obec: Staré Sedlo,421,"60,93",418,40,5,25,13,33,8,6,4,1,0,30,0,11,180,0,9,3,0,0,50,0
560651, Sokolov, Obec: Stříbrná,207,"53,91",204,7,0,15,8,9,2,9,3,0,0,11,1,4,84,1,1,0,1,0,47,1
538434, Sokolov, Obec: Svatava,748,"55,00",745,57,14,45,27,86,6,7,11,4,0,73,2,23,249,4,23,5,2,2,91,14
538396, Sokolov, Obec: Šabina,165,"64,71",163,39,2,5,8,13,1,1,2,0,0,11,0,3,54,2,1,5,0,0,16,0
560677, Sokolov, Obec: Šindelová,157,"58,15",157,10,0,25,6,4,2,2,2,0,0,11,0,3,67,1,1,1,1,1,20,0
538663, Sokolov, Obec: Tatrovice,77,"54,61",75,3,1,3,3,3,0,2,0,0,0,3,0,2,36,0,0,1,1,2,15,0
579360, Sokolov, Obec: Těšovice,129,"69,73",129,8,3,4,6,7,0,1,0,0,0,10,0,5,59,0,5,2,0,1,17,1
560685, Sokolov, Obec: Vintířov,386,"42,65",378,11,1,48,19,26,5,7,2,0,0,21,0,4,166,6,3,3,0,3,52,1
560707, Sokolov, Obec: Vřesová,74,"22,16",72,1,1,1,2,9,2,2,0,0,1,5,1,3,20,0,2,1,0,0,19,2
